{
    "uvs":[],
    "faces":[35,11,4,7,15,1,0,0,0,0,35,15,7,4,14,1,1,1,1,1,35,24,14,4,19,1,2,2,2,2,35,19,4,16,21,1,3,3,3,3,35,21,16,4,20,1,4,4,4,4,35,23,11,10,22,0,5,5,5,5,34,6,13,12,0,6,6,6,34,12,3,5,0,7,7,7,34,12,5,6,0,8,8,8,35,18,9,8,17,0,9,9,9,9,35,22,10,9,18,0,10,10,10,10,34,13,0,1,0,11,11,11,34,1,2,12,0,12,12,12,34,1,12,13,0,13,13,13,35,20,4,11,23,1,14,14,14,14,35,17,8,14,24,0,15,15,15,15,35,9,15,14,8,0,16,16,16,16,35,10,11,15,9,0,17,17,17,17,35,2,17,24,12,0,18,18,18,18,35,6,20,23,13,0,19,19,19,19,35,0,22,18,1,0,20,20,20,20,35,1,18,17,2,0,21,21,21,21,35,22,0,13,23,0,22,22,22,22,35,5,21,20,6,0,23,23,23,23,35,3,19,21,5,0,24,24,24,24,35,12,24,19,3,0,25,25,25,25,35,36,29,32,40,1,26,26,26,26,35,40,32,29,39,1,27,27,27,27,35,49,39,29,44,1,28,28,28,28,35,44,29,41,46,1,29,29,29,29,35,46,41,29,45,1,30,30,30,30,35,48,36,35,47,0,31,31,31,31,34,31,38,37,0,32,32,32,34,37,28,30,0,33,33,33,34,37,30,31,0,34,34,34,35,43,34,33,42,0,35,35,35,35,35,47,35,34,43,0,36,36,36,36,34,38,25,26,0,37,37,37,34,26,27,37,0,7,7,7,34,26,37,38,0,38,38,38,35,45,29,36,48,1,39,39,39,39,35,42,33,39,49,0,40,40,40,40,35,34,40,39,33,0,41,41,41,41,35,35,36,40,34,0,42,42,42,42,35,27,42,49,37,0,43,43,43,43,35,31,45,48,38,0,44,44,44,44,35,25,47,43,26,0,45,45,45,45,35,26,43,42,27,0,46,46,46,46,35,38,48,47,25,0,47,47,47,47,35,30,46,45,31,0,48,48,48,48,35,28,44,46,30,0,49,49,49,49,35,37,49,44,28,0,50,50,50,50],
    "vertices":[0,-0.675017,-1.07936,0.866025,-0.675017,-0.5,0.866025,-0.675017,0.5,0.0429961,-0.675017,1,-0.212873,1.32498,-5.79169e-08,-1.1466,-0.675017,0.722277,-1.1466,-0.675017,-0.277723,0.433013,0.324983,-0.25,0.804717,-0.236802,0.390446,0.899593,-0.455909,-0.445223,0,-0.236802,-0.780892,0,0.544091,-0.390446,0.476009,-0.675017,0.75,-0.433013,-0.675017,-0.829362,0.46658,0.544091,0.195223,0.730525,-0.0654629,-0.347612,-0.645886,0.324983,0.25,0.771149,-0.455909,0.445223,0.818587,-0.565463,-0.472612,-0.169877,0.324983,0.5,-0.713589,0.324983,-0.0277228,-1.14297,-0.175017,0.597277,0,-0.455909,-0.969808,-0.216506,-0.0654629,-0.649585,0.428571,-0.0654629,0.472612,0.217909,-0.675646,-0.804134,0.738754,-0.675646,-1.26282,1.38259,-0.675646,-1.09212,1.56402,-0.675646,-0.476872,0.876506,0.656518,-0.482832,1.18215,-0.675646,0.241629,0.538312,-0.675646,0.0709304,0.825799,-0.00956438,-0.941353,1.30159,-0.383759,-1.07135,0.779751,-0.529703,-1.27508,0.410075,-0.383759,-0.753186,0.661459,0.136379,-0.686537,1.47698,-0.675646,-0.798337,0.304954,-0.675646,-0.482669,1.11818,0.136379,-0.886966,0.813738,-0.269634,-1.14956,0.963551,-0.00956435,-0.161368,1.33113,-0.529703,-1.04038,0.74829,-0.602675,-1.2276,1.20576,-0.00956436,-0.425166,0.773186,-0.00956435,-0.165185,1.10229,-0.342605,0.217953,0.288444,-0.529703,-0.785433,0.457659,-0.269634,-0.591377,1.29028,-0.269634,-0.815144],
    "metadata":{
        "materials":2,
        "generator":"io_three",
        "version":3,
        "uvs":0,
        "faces":52,
        "vertices":50,
        "normals":51,
        "type":"Geometry"
    },
    "materials":[{
        "visible":true,
        "depthWrite":true,
        "DbgColor":15658734,
        "colorEmissive":[0,0,0],
        "doubleSided":false,
        "colorDiffuse":[0.174679,0.64,0.484638],
        "blending":1,
        "specularCoef":50,
        "DbgIndex":0,
        "colorSpecular":[0.5,0.5,0.5],
        "opacity":1,
        "wireframe":false,
        "transparent":false,
        "shading":"phong",
        "DbgName":"Material.001",
        "depthTest":true
    },{
        "visible":true,
        "depthWrite":true,
        "DbgColor":15597568,
        "colorEmissive":[0,0,0],
        "doubleSided":false,
        "colorDiffuse":[0.64,0.64,0.64],
        "blending":1,
        "specularCoef":50,
        "DbgIndex":1,
        "colorSpecular":[0.5,0.5,0.5],
        "opacity":1,
        "wireframe":false,
        "transparent":false,
        "shading":"phong",
        "DbgName":"Material.002",
        "depthTest":true
    }],
    "normals":[0.487452,0.508228,-0.709996,0.735192,0.584599,-0.343128,0.270589,0.419369,0.866552,-0.391485,0.539553,0.745401,-0.797146,0.57166,0.194328,-0.127011,0.497245,-0.858263,-1.74254e-08,-1,8.55088e-08,0,-1,0,-1.01837e-09,-1,5.96047e-08,0.93902,-0.31606,0.135451,0.460339,0.406086,-0.789419,3.18825e-08,-1,5.52221e-08,-1.52826e-07,-1,-9.10914e-15,3.13164e-08,-1,5.74548e-08,-0.50852,0.365543,-0.779606,0.34052,0.324343,0.882523,0.917663,0.39736,4.83878e-08,0.395796,0.401302,-0.826016,0.501794,0.394703,0.769684,-0.559648,0.417061,-0.716138,0.513327,0.392156,-0.763354,0.917663,0.39736,5.39785e-08,-0.458831,0.39736,-0.794719,-0.943983,0.288188,-0.160759,-0.160028,0.360555,0.918907,0.387012,0.451025,0.804238,-0.561365,0.508228,-0.653126,-0.143259,0.584599,-0.798574,0.906957,0.419369,-0.0394786,0.620181,0.539553,0.569437,-0.0164487,0.57166,0.820326,-0.86215,0.497245,-0.0971799,-4.56711e-08,-1,1.92516e-08,2.31117e-07,-1,1.22835e-07,-1.41332e-08,-1,5.33073e-08,0.371572,-0.316059,-0.872949,-0.645083,0.406086,-0.647272,1.31847e-07,-1,1.49715e-07,-3.56119e-08,-1,5.65998e-08,-0.88389,0.365543,0.291746,0.940317,0.324343,-0.102982,0.235172,0.39736,-0.887017,-0.696999,0.401301,-0.594263,0.872576,0.394702,-0.287787,-0.835645,0.417061,0.357431,-0.606309,0.392156,-0.691811,0.235172,0.39736,-0.887017,-0.885765,0.39736,0.239844,-0.397308,0.288188,0.87126,0.847209,0.360555,0.390175,0.876561,0.451025,-0.167983]
}