{
    "uvs":[[0,0,0.999912,0.773105,8.81241e-05,0.773105,8.79137e-05,8.794e-05,0.999912,8.79137e-05]],
    "faces":[43,0,1,3,2,0,0,0,0,0,0,0,0,0,43,2,3,5,4,0,0,0,0,0,1,1,1,1,43,4,5,7,6,0,0,0,0,0,2,2,2,2,43,6,7,9,8,0,0,0,0,0,3,3,3,3,43,8,9,11,10,0,0,0,0,0,4,4,4,4,43,10,11,13,12,0,0,0,0,0,5,5,5,5,43,12,13,15,14,0,0,0,0,0,6,6,6,6,43,14,15,17,16,0,0,0,0,0,7,7,7,7,42,5,3,1,2,0,0,0,8,8,8,42,1,19,17,2,0,0,0,9,9,9,42,17,15,13,2,0,0,0,10,10,10,42,13,11,9,2,0,0,0,11,11,11,42,9,7,5,2,0,0,0,12,12,12,42,5,1,17,2,0,0,0,13,13,13,42,17,13,9,2,0,0,0,14,14,14,42,17,9,5,2,0,0,0,15,15,15,43,16,17,19,18,0,0,0,0,0,16,16,16,16,43,1,0,18,19,0,0,0,0,0,17,17,17,17,42,18,0,2,0,0,0,0,18,18,18,42,2,4,6,0,0,0,0,19,19,19,42,6,8,10,0,0,0,0,20,20,20,42,10,12,14,0,0,0,0,21,21,21,42,14,16,18,0,0,0,0,22,22,22,42,18,2,6,0,0,0,0,23,23,23,42,6,10,14,0,0,0,0,24,24,24,42,6,14,18,0,0,0,0,25,25,25,43,36,21,22,37,0,0,0,0,0,26,26,26,26,43,38,39,26,25,0,0,0,0,0,27,27,27,27,43,41,38,25,29,0,0,0,0,0,28,28,28,28,43,29,25,26,30,0,0,0,0,0,29,29,29,29,43,46,45,27,31,0,0,0,0,0,30,30,30,30,43,32,20,23,35,0,0,0,0,0,31,31,31,31,43,24,28,31,27,0,0,0,0,0,32,32,32,32,43,47,46,31,35,0,0,0,0,0,33,33,33,33,43,33,29,30,34,0,0,0,0,0,34,34,34,34,43,42,41,29,33,0,0,0,0,0,35,35,35,35,43,36,42,33,21,0,0,0,0,0,36,36,36,36,43,21,33,34,22,0,0,0,0,0,37,37,37,37,43,44,47,35,23,0,0,0,0,0,38,38,38,38,43,28,32,35,31,0,0,0,0,0,39,39,39,39,43,22,34,43,37,0,0,0,0,0,40,40,40,40,43,48,51,42,36,0,0,0,0,0,41,41,41,41,43,50,41,53,52,0,0,0,0,0,42,42,42,42,43,34,30,40,43,0,0,0,0,0,43,43,43,43,43,30,26,39,40,0,0,0,0,0,44,44,44,44,43,50,49,38,41,0,0,0,0,0,45,45,45,45,43,49,45,39,38,0,0,0,0,0,46,46,46,46,43,48,36,37,44,0,0,0,0,0,47,47,47,47,43,20,48,44,23,0,0,0,0,0,48,48,48,48,43,24,27,45,49,0,0,0,0,0,49,49,49,49,43,28,24,49,50,0,0,0,0,0,50,50,50,50,43,32,28,50,51,0,0,0,0,0,51,51,51,51,43,20,32,51,48,0,0,0,0,0,52,52,52,52,43,37,43,47,44,0,0,0,0,0,53,53,53,53,43,43,40,46,47,0,0,0,0,0,54,54,54,54,43,40,39,45,46,0,0,0,0,0,55,55,55,55,43,54,52,53,55,1,1,2,3,4,56,56,56,56,43,51,50,52,54,0,0,0,0,0,57,57,57,57,43,41,42,55,53,0,0,0,0,0,58,58,58,58,43,42,51,54,55,0,0,0,0,0,59,59,59,59,43,56,57,59,58,2,0,0,0,0,60,60,60,60,43,58,59,63,62,0,0,0,0,0,61,61,61,61,43,62,63,61,60,0,0,0,0,0,62,62,62,62,43,60,61,57,56,0,0,0,0,0,63,63,63,63,43,58,62,60,56,0,0,0,0,0,64,64,64,64,43,63,59,57,61,0,0,0,0,0,65,65,65,65],
    "vertices":[0.24087,-0.743533,-0.071159,0.264196,-0.743553,0.114019,0.224259,-0.798725,-0.0690727,0.247584,-0.798745,0.116106,0.178633,-0.833535,-0.0633295,0.201958,-0.833556,0.121849,0.121421,-0.834668,-0.0561231,0.144746,-0.834688,0.129055,0.0744752,-0.80169,-0.0502061,0.0978006,-0.80171,0.134972,0.0557277,-0.747198,-0.0478386,0.079053,-0.747218,0.13734,0.0723392,-0.692006,-0.0499249,0.0956646,-0.692026,0.135253,0.117965,-0.657195,-0.0556681,0.14129,-0.657216,0.12951,0.175177,-0.656063,-0.0628745,0.198502,-0.656083,0.122304,0.222123,-0.689041,-0.0687916,0.245448,-0.689061,0.116387,0.950456,-0.737807,-0.00204207,-0.564126,-0.767792,0.188734,-0.597384,-0.767764,-0.0753005,0.917198,-0.73778,-0.266076,0.912264,1.22326,0.00297118,-0.602319,1.19327,0.193746,-0.635576,1.1933,-0.0702878,0.879006,1.22329,-0.261063,0.914979,1.08385,0.00261478,-0.599604,1.05386,0.19339,-0.632861,1.05389,-0.0706442,0.881721,1.08387,-0.26142,0.947909,-0.607048,-0.00170777,-0.566673,-0.637032,0.189068,-0.599931,-0.637005,-0.0749663,0.914651,-0.60702,-0.265742,-0.453345,-0.900803,0.174766,-0.486603,-0.900775,-0.0892684,-0.496115,1.29533,0.180379,-0.529373,1.29535,-0.0836548,-0.524712,1.05603,-0.0842666,-0.491454,1.056,0.179768,-0.458524,-0.634891,0.175446,-0.491781,-0.634864,-0.0885887,0.81047,-0.875097,-0.252647,0.7677,1.32103,-0.247033,0.772361,1.08171,-0.247645,0.805291,-0.609185,-0.251967,0.843728,-0.875124,0.0113874,0.800958,1.321,0.0170014,0.805618,1.08168,0.0163896,0.838549,-0.609213,0.0120672,0.807254,1.08168,0.0293777,-0.489818,1.056,0.192756,0.840185,-0.609214,0.0250553,-0.456888,-0.634892,0.188434,0.335888,1.22491,0.0876624,0.3372,1.15755,0.0874902,-0.0511654,1.21725,0.136415,-0.0498537,1.14989,0.136243,0.327469,1.22492,0.020822,0.328781,1.15756,0.0206498,-0.0595848,1.21725,0.069575,-0.058273,1.1499,0.0694028],
    "metadata":{
        "materials":3,
        "generator":"io_three",
        "version":3,
        "uvs":1,
        "faces":66,
        "vertices":64,
        "normals":66,
        "type":"Geometry"
    },
    "materials":[{
        "visible":true,
        "depthWrite":true,
        "DbgColor":15658734,
        "colorEmissive":[0,0,0],
        "doubleSided":false,
        "colorDiffuse":[0.8,0.8,0.8],
        "blending":1,
        "specularCoef":50,
        "DbgIndex":0,
        "colorSpecular":[0.5,0.5,0.5],
        "opacity":1,
        "wireframe":false,
        "transparent":false,
        "shading":"phong",
        "DbgName":"Material",
        "depthTest":true
    },{
        "visible":true,
        "depthWrite":true,
        "DbgColor":15597568,
        "colorEmissive":[0,0,0],
        "doubleSided":false,
        "colorDiffuse":[0.00222983,0.00499392,0.0163031],
        "blending":1,
        "specularCoef":50,
        "DbgIndex":1,
        "colorSpecular":[0.5,0.5,0.5],
        "opacity":1,
        "wireframe":false,
        "transparent":false,
        "shading":"phong",
        "DbgName":"Material.001",
        "depthTest":true
    },{
        "visible":true,
        "depthWrite":true,
        "DbgColor":60928,
        "colorEmissive":[0,0,0],
        "doubleSided":false,
        "colorDiffuse":[0.34338,0.34338,0.34338],
        "blending":1,
        "specularCoef":50,
        "DbgIndex":2,
        "colorSpecular":[0.5,0.5,0.5],
        "opacity":1,
        "wireframe":false,
        "transparent":false,
        "shading":"phong",
        "DbgName":"Material.002",
        "depthTest":true
    }],
    "normals":[0.949435,-0.290281,-0.119624,0.598817,-0.797318,-0.0755159,0.0194705,-0.999807,-0.00256307,-0.567313,-0.820404,0.0713689,-0.937402,-0.327634,0.11804,-0.949435,0.290281,0.119624,-0.598817,0.797318,0.0755159,-0.0194705,0.999807,0.00256307,0.124974,-0.000109736,0.99216,0.124974,-0.000109342,0.99216,0.124974,-0.000109137,0.99216,0.124974,-0.000109733,0.99216,0.124974,-0.000109286,0.99216,0.124974,-0.000109726,0.99216,0.124974,-0.000109732,0.99216,0.124974,-0.000109725,0.99216,0.567313,0.820404,-0.0713688,0.937402,0.327634,-0.11804,-0.124974,0.00010963,-0.99216,-0.124974,0.000109852,-0.99216,-0.124974,0.000109781,-0.99216,-0.124974,0.000109818,-0.99216,-0.124974,0.000110104,-0.99216,-0.124974,0.000109623,-0.99216,-0.124974,0.00010965,-0.99216,-0.124974,0.000109652,-0.99216,-0.759909,-0.642953,0.0956523,-0.68462,0.723772,0.0863084,0.124973,-0.000102047,0.99216,-0.991969,-0.0196384,0.124945,-0.124973,0.000102152,-0.99216,0.991969,0.0196383,-0.124947,0.991969,0.0196382,-0.124946,-0.124973,0.000102159,-0.99216,-0.991969,-0.0196381,0.124946,0.124973,-0.000102075,0.99216,0.124974,-0.000101991,0.99216,-0.991969,-0.0196384,0.124947,-0.124973,0.000102265,-0.99216,0.991969,0.0196382,-0.124947,-0.124973,0.000102244,-0.99216,0.124974,-0.000102236,0.99216,-0.0194727,0.999807,0.00254459,-0.124974,0.00010219,-0.99216,-0.124973,0.000102154,-0.99216,0.124973,-0.000102264,0.99216,-0.0194715,0.999807,0.00255553,0.0194714,-0.999807,-0.00255566,0.781036,-0.616678,-0.098443,0.651775,0.753964,-0.08202,0.124973,-0.000102498,0.99216,0.124973,-0.000102417,0.99216,0.124974,-0.00010244,0.99216,-0.124974,0.0001023,-0.99216,-0.124974,0.00010217,-0.99216,-0.124974,0.000102169,-0.99216,0.124974,-0.000102238,0.99216,0.991969,0.0196383,-0.12495,-0.991969,-0.0196382,0.12495,0.0194713,-0.999807,-0.00255591,-0.124974,0.000102357,-0.99216,0.991969,0.019638,-0.124948,0.124974,-0.000102428,0.99216,-0.991969,-0.0196382,0.124948,0.0194717,-0.999807,-0.00255254,-0.0194713,0.999807,0.00255606]
}