{
    "uvs":[[0,0,0.999912,0.773105,8.81241e-05,0.773105,8.79137e-05,8.794e-05,0.999912,8.79137e-05]],
    "metadata":{
        "version":3,
        "faces":66,
        "vertices":64,
        "type":"Geometry",
        "normals":66,
        "uvs":1,
        "materials":3,
        "generator":"io_three"
    },
    "faces":[43,0,1,3,2,0,0,0,0,0,0,0,0,0,43,2,3,5,4,0,0,0,0,0,1,1,1,1,43,4,5,7,6,0,0,0,0,0,2,2,2,2,43,6,7,9,8,0,0,0,0,0,3,3,3,3,43,8,9,11,10,0,0,0,0,0,4,4,4,4,43,10,11,13,12,0,0,0,0,0,5,5,5,5,43,12,13,15,14,0,0,0,0,0,6,6,6,6,43,14,15,17,16,0,0,0,0,0,7,7,7,7,42,5,3,1,2,0,0,0,8,8,8,42,1,19,17,2,0,0,0,9,9,9,42,17,15,13,2,0,0,0,10,10,10,42,13,11,9,2,0,0,0,11,11,11,42,9,7,5,2,0,0,0,12,12,12,42,5,1,17,2,0,0,0,13,13,13,42,17,13,9,2,0,0,0,14,14,14,42,17,9,5,2,0,0,0,15,15,15,43,16,17,19,18,0,0,0,0,0,16,16,16,16,43,1,0,18,19,0,0,0,0,0,17,17,17,17,42,18,0,2,0,0,0,0,18,18,18,42,2,4,6,0,0,0,0,19,19,19,42,6,8,10,0,0,0,0,20,20,20,42,10,12,14,0,0,0,0,21,21,21,42,14,16,18,0,0,0,0,22,22,22,42,18,2,6,0,0,0,0,23,23,23,42,6,10,14,0,0,0,0,24,24,24,42,6,14,18,0,0,0,0,25,25,25,43,36,21,22,37,0,0,0,0,0,26,26,26,26,43,38,39,26,25,0,0,0,0,0,27,27,27,27,43,41,38,25,29,0,0,0,0,0,28,28,28,28,43,29,25,26,30,0,0,0,0,0,29,29,29,29,43,46,45,27,31,0,0,0,0,0,30,30,30,30,43,32,20,23,35,0,0,0,0,0,31,31,31,31,43,24,28,31,27,0,0,0,0,0,32,32,32,32,43,47,46,31,35,0,0,0,0,0,33,33,33,33,43,33,29,30,34,0,0,0,0,0,34,34,34,34,43,42,41,29,33,0,0,0,0,0,35,35,35,35,43,36,42,33,21,0,0,0,0,0,36,36,36,36,43,21,33,34,22,0,0,0,0,0,37,37,37,37,43,44,47,35,23,0,0,0,0,0,38,38,38,38,43,28,32,35,31,0,0,0,0,0,39,39,39,39,43,22,34,43,37,0,0,0,0,0,40,40,40,40,43,48,51,42,36,0,0,0,0,0,41,41,41,41,43,50,41,53,52,0,0,0,0,0,42,42,42,42,43,34,30,40,43,0,0,0,0,0,43,43,43,43,43,30,26,39,40,0,0,0,0,0,44,44,44,44,43,50,49,38,41,0,0,0,0,0,45,45,45,45,43,49,45,39,38,0,0,0,0,0,46,46,46,46,43,48,36,37,44,0,0,0,0,0,47,47,47,47,43,20,48,44,23,0,0,0,0,0,48,48,48,48,43,24,27,45,49,0,0,0,0,0,49,49,49,49,43,28,24,49,50,0,0,0,0,0,50,50,50,50,43,32,28,50,51,0,0,0,0,0,51,51,51,51,43,20,32,51,48,0,0,0,0,0,52,52,52,52,43,37,43,47,44,0,0,0,0,0,53,53,53,53,43,43,40,46,47,0,0,0,0,0,54,54,54,54,43,40,39,45,46,0,0,0,0,0,55,55,55,55,43,54,52,53,55,1,1,2,3,4,56,56,56,56,43,51,50,52,54,0,0,0,0,0,57,57,57,57,43,41,42,55,53,0,0,0,0,0,58,58,58,58,43,42,51,54,55,0,0,0,0,0,59,59,59,59,43,56,57,59,58,2,0,0,0,0,60,60,60,60,43,58,59,63,62,0,0,0,0,0,61,61,61,61,43,62,63,61,60,0,0,0,0,0,62,62,62,62,43,60,61,57,56,0,0,0,0,0,63,63,63,63,43,58,62,60,56,0,0,0,0,0,64,64,64,64,43,63,59,57,61,0,0,0,0,0,65,65,65,65],
    "vertices":[0.282203,-1.06891,-0.0891488,0.282201,-1.06891,0.155331,0.258856,-1.14076,-0.089149,0.258855,-1.14076,0.155331,0.197736,-1.18517,-0.0891494,0.197734,-1.18517,0.155331,0.122187,-1.18517,-0.08915,0.122186,-1.18517,0.15533,0.0610677,-1.14076,-0.0891504,0.0610659,-1.14076,0.15533,0.0377225,-1.06891,-0.0891506,0.0377207,-1.06891,0.15533,0.0610688,-0.997057,-0.0891505,0.061067,-0.997057,0.15533,0.122189,-0.952652,-0.08915,0.122187,-0.952652,0.15533,0.197738,-0.952652,-0.0891495,0.197736,-0.952652,0.155331,0.258857,-0.997059,-0.089149,0.258856,-0.997059,0.155331,1.19305,-1.07928,0.116844,-0.806949,-1.07927,0.116829,-0.806946,-1.07927,-0.23176,1.19305,-1.07929,-0.231745,1.19307,1.48999,0.116825,-0.80693,1.49001,0.116809,-0.806927,1.49001,-0.231779,1.19307,1.48999,-0.231764,1.19307,1.30735,0.116826,-0.806931,1.30736,0.116811,-0.806928,1.30736,-0.231778,1.19307,1.30734,-0.231763,1.19305,-0.90797,0.116843,-0.806948,-0.907955,0.116828,-0.806945,-0.907958,-0.231761,1.19306,-0.907973,-0.231746,-0.664139,-1.25634,0.116832,-0.664136,-1.25634,-0.231757,-0.664118,1.62091,0.11681,-0.664115,1.6209,-0.231779,-0.664117,1.30736,-0.231777,-0.664121,1.30736,0.116812,-0.664137,-0.907956,0.116829,-0.664134,-0.907959,-0.23176,1.04864,-1.25635,-0.231745,1.04866,1.62089,-0.231766,1.04866,1.30734,-0.231764,1.04865,-0.907972,-0.231747,1.04864,-1.25635,0.116844,1.04866,1.62089,0.116823,1.04866,1.30735,0.116825,1.04864,-0.907969,0.116841,1.04866,1.30735,0.133973,-0.664121,1.30736,0.133959,1.04864,-0.907969,0.133989,-0.664137,-0.907956,0.133976,0.430326,1.50715,0.132532,0.430325,1.4189,0.132532,-0.0807774,1.50715,0.132528,-0.0807781,1.4189,0.132529,0.430326,1.50715,0.0442862,0.430326,1.4189,0.0442869,-0.0807768,1.50715,0.0442825,-0.0807774,1.4189,0.0442832],
    "normals":[0.951054,-0.309024,6.95841e-06,0.58778,-0.809021,4.29858e-06,-7.88958e-06,-1,-5.77048e-11,-0.587791,-0.809013,-4.29858e-06,-0.951059,-0.30901,-6.95525e-06,-0.951054,0.309024,-6.95525e-06,-0.587779,0.809022,-4.29858e-06,7.10062e-06,1,5.19343e-11,-7.40458e-06,1.24658e-07,1,-7.72371e-06,-2.28234e-07,1,-7.29786e-06,-2.22239e-08,1,-7.34023e-06,1.03751e-07,1,-7.29786e-06,2.23276e-08,1,-7.32129e-06,6.4142e-08,1,-7.33879e-06,1.03751e-07,1,-7.28428e-06,6.41419e-08,1,0.587792,0.809012,4.19773e-06,0.951059,0.309009,6.92059e-06,7.0211e-06,-5.38759e-11,-1,7.29786e-06,2.22206e-08,-1,7.20733e-06,-1.4693e-07,-1,7.40458e-06,-1.2466e-07,-1,7.29786e-06,-3.57891e-07,-1,7.3051e-06,-5.60552e-11,-1,7.32128e-06,-6.41414e-08,-1,7.39331e-06,-6.4142e-08,-1,-0.778389,-0.627782,-1.53854e-06,-0.675687,0.737189,-1.16811e-05,-8.35052e-06,7.74804e-06,1,-1,7.17932e-06,-9.91738e-06,7.58385e-06,-7.62791e-06,-1,1,-7.65432e-06,8.54948e-06,1,-7.17934e-06,8.54946e-06,7.63577e-06,-7.56056e-06,-1,-1,7.42591e-06,-9.06244e-06,-7.82559e-06,7.66818e-06,1,-7.23544e-06,7.68436e-06,1,-1,6.95847e-06,-8.20749e-06,7.94269e-06,-7.56968e-06,-1,1,-7.31829e-06,8.20749e-06,7.68836e-06,-7.62702e-06,-1,-7.34708e-06,7.46383e-06,1,7.5169e-06,1,-1.3904e-05,7.72125e-06,-7.54711e-06,-1,7.85058e-06,-7.56785e-06,-1,-7.76903e-06,7.55648e-06,1,7.51684e-06,1,-6.83946e-06,-7.44725e-06,-1,7.52343e-06,0.774949,-0.632024,1.12719e-05,0.671601,0.740913,9.04699e-07,-8.37705e-06,7.35764e-06,1,-7.79054e-06,7.3285e-06,1,-7.1818e-06,7.25427e-06,1,7.49933e-06,-7.528e-06,-1,7.50804e-06,-7.55383e-06,-1,7.49063e-06,-7.55647e-06,-1,-7.57328e-06,7.50338e-06,1,1,-7.3183e-06,6.9521e-06,-1,7.3183e-06,-6.95211e-06,-7.48204e-06,-1,6.95196e-06,7.31782e-06,-7.26104e-06,-1,1,-7.42979e-06,7.42991e-06,-7.31782e-06,7.30325e-06,1,-1,7.42979e-06,-7.09219e-06,-7.46371e-06,-1,8.10524e-06,7.46371e-06,1,-8.10524e-06],
    "materials":[{
        "opacity":1,
        "transparent":false,
        "DbgIndex":0,
        "blending":1,
        "colorSpecular":[0.5,0.5,0.5],
        "colorEmissive":[0,0,0],
        "DbgColor":15658734,
        "visible":true,
        "doubleSided":false,
        "wireframe":false,
        "depthTest":true,
        "depthWrite":true,
        "colorDiffuse":[0.8,0.8,0.8],
        "shading":"phong",
        "specularCoef":50,
        "DbgName":"Material"
    },{
        "opacity":1,
        "transparent":false,
        "DbgIndex":1,
        "blending":1,
        "colorSpecular":[0.5,0.5,0.5],
        "colorEmissive":[0,0,0],
        "DbgColor":15597568,
        "visible":true,
        "doubleSided":false,
        "wireframe":false,
        "depthTest":true,
        "depthWrite":true,
        "colorDiffuse":[0.00222983,0.00499392,0.0163031],
        "shading":"phong",
        "specularCoef":50,
        "DbgName":"Material.001"
    },{
        "opacity":1,
        "transparent":false,
        "DbgIndex":2,
        "blending":1,
        "colorSpecular":[0.5,0.5,0.5],
        "colorEmissive":[0,0,0],
        "DbgColor":60928,
        "visible":true,
        "doubleSided":false,
        "wireframe":false,
        "depthTest":true,
        "depthWrite":true,
        "colorDiffuse":[0.34338,0.34338,0.34338],
        "shading":"phong",
        "specularCoef":50,
        "DbgName":"Material.002"
    }]
}