{
    "metadata":{
        "version":3,
        "faces":232,
        "generator":"io_three",
        "uvs":0,
        "vertices":210,
        "normals":151,
        "type":"Geometry",
        "materials":3
    },
    "materials":[{
        "colorDiffuse":[0.64,0.00458415,0.00062201],
        "DbgColor":15658734,
        "depthWrite":true,
        "transparent":false,
        "depthTest":true,
        "DbgName":"Material.004",
        "doubleSided":false,
        "specularCoef":50,
        "visible":true,
        "colorEmissive":[0,0,0],
        "DbgIndex":0,
        "opacity":1,
        "blending":1,
        "shading":"phong",
        "colorSpecular":[0.5,0.5,0.5],
        "wireframe":false
    },{
        "colorDiffuse":[0.8,0.663244,0.231932],
        "DbgColor":15597568,
        "depthWrite":true,
        "transparent":false,
        "depthTest":true,
        "DbgName":"Material.001",
        "doubleSided":false,
        "specularCoef":50,
        "visible":true,
        "colorEmissive":[0,0,0],
        "DbgIndex":1,
        "opacity":1,
        "blending":1,
        "shading":"phong",
        "colorSpecular":[0.5,0.325441,0.119062],
        "wireframe":false
    },{
        "colorDiffuse":[1,1,1],
        "DbgColor":60928,
        "depthWrite":true,
        "transparent":false,
        "depthTest":true,
        "DbgName":"Material.002",
        "doubleSided":false,
        "specularCoef":50,
        "visible":true,
        "colorEmissive":[0,0,0],
        "DbgIndex":2,
        "opacity":1,
        "blending":1,
        "shading":"phong",
        "colorSpecular":[1,1,1],
        "wireframe":false
    }],
    "faces":[35,0,19,4,1,0,0,0,0,0,34,1,4,2,0,1,1,1,34,2,4,3,0,2,2,2,34,3,4,5,0,3,3,3,34,5,4,6,0,4,4,4,35,19,0,6,4,0,5,5,5,5,35,5,6,12,11,0,6,6,6,6,35,7,8,14,13,0,7,7,7,7,35,3,5,11,10,0,8,8,8,8,35,6,0,7,12,0,9,9,9,9,35,0,1,8,7,0,10,10,10,10,35,2,3,10,9,0,11,11,11,11,35,1,2,9,8,0,12,12,12,12,34,18,13,14,0,13,13,13,34,14,15,16,0,14,14,14,34,16,17,18,0,14,14,14,34,14,16,18,0,14,14,14,35,12,7,13,18,0,15,15,15,15,35,10,11,17,16,0,16,16,16,16,35,8,9,15,14,0,17,17,17,17,35,11,12,18,17,0,18,18,18,18,35,9,10,16,15,0,19,19,19,19,35,20,39,24,21,0,20,20,20,20,34,21,24,22,0,21,21,21,34,22,24,23,0,22,22,22,34,23,24,25,0,23,23,23,34,25,24,26,0,24,24,24,35,26,24,39,20,0,25,25,25,25,35,25,26,32,31,0,6,6,6,6,35,27,28,34,33,0,26,26,26,26,35,23,25,31,30,0,27,27,27,27,35,26,20,27,32,0,28,28,28,28,35,20,21,28,27,0,29,29,29,29,35,22,23,30,29,0,30,30,30,30,35,21,22,29,28,0,12,12,12,12,34,38,33,34,0,13,13,13,34,34,35,36,0,14,14,14,34,36,37,38,0,14,14,14,34,34,36,38,0,14,14,14,35,32,27,33,38,0,31,31,31,31,35,30,31,37,36,0,32,32,32,32,35,28,29,35,34,0,17,17,17,17,35,31,32,38,37,0,33,33,33,33,35,29,30,36,35,0,34,34,34,34,35,40,59,44,41,0,35,35,35,35,34,41,44,42,0,1,1,1,34,42,44,43,0,36,36,36,34,43,44,45,0,37,37,37,34,45,44,46,0,38,38,38,35,46,44,59,40,0,39,39,39,39,35,45,46,52,51,0,6,6,6,6,35,47,48,54,53,0,40,40,40,40,35,43,45,51,50,0,27,27,27,27,35,46,40,47,52,0,41,41,41,41,35,40,41,48,47,0,42,42,42,42,35,42,43,50,49,0,43,43,43,43,35,41,42,49,48,0,12,12,12,12,34,58,53,54,0,44,44,44,34,54,55,56,0,14,14,14,34,56,57,58,0,14,14,14,34,54,56,58,0,14,14,14,35,52,47,53,58,0,45,45,45,45,35,50,51,57,56,0,46,46,46,46,35,48,49,55,54,0,47,47,47,47,35,51,52,58,57,0,33,33,33,33,35,49,50,56,55,0,48,48,48,48,35,60,79,64,61,0,49,49,49,49,34,61,64,62,0,50,50,50,34,62,64,63,0,51,51,51,34,63,64,65,0,52,52,52,34,65,64,66,0,53,53,53,35,66,64,79,60,0,54,54,54,54,35,65,66,72,71,0,6,6,6,6,35,67,68,74,73,0,55,55,55,55,35,63,65,71,70,0,56,56,56,56,35,66,60,67,72,0,57,57,57,57,35,60,61,68,67,0,58,58,58,58,35,62,63,70,69,0,30,30,30,30,35,61,62,69,68,0,12,12,12,12,34,78,73,74,0,44,44,44,34,74,75,76,0,14,14,14,34,76,77,78,0,14,14,14,34,74,76,78,0,14,14,14,35,72,67,73,78,0,59,59,59,59,35,70,71,77,76,0,60,60,60,60,35,68,69,75,74,0,17,17,17,17,35,71,72,78,77,0,18,18,18,18,35,69,70,76,75,0,61,61,61,61,35,80,99,84,81,0,62,62,62,62,34,81,84,82,0,50,50,50,34,82,84,83,0,51,51,51,34,83,84,85,0,37,37,37,34,85,84,86,0,38,38,38,35,86,84,99,80,0,63,63,63,63,35,85,86,92,91,0,6,6,6,6,35,87,88,94,93,0,64,64,64,64,35,83,85,91,90,0,27,27,27,27,35,86,80,87,92,0,65,65,65,65,35,80,81,88,87,0,66,66,66,66,35,82,83,90,89,0,30,30,30,30,35,81,82,89,88,0,12,12,12,12,34,98,93,94,0,67,67,67,34,94,95,96,0,68,68,68,34,96,97,98,0,69,69,69,34,94,96,98,0,70,70,70,35,92,87,93,98,0,71,71,71,71,35,90,91,97,96,0,46,46,46,46,35,88,89,95,94,0,72,72,72,72,35,91,92,98,97,0,73,73,73,73,35,89,90,96,95,0,61,61,61,61,35,100,119,104,101,0,62,62,62,62,34,101,104,102,0,50,50,50,34,102,104,103,0,74,74,74,34,103,104,105,0,75,75,75,34,105,104,106,0,38,38,38,35,106,104,119,100,0,63,63,63,63,35,105,106,112,111,0,6,6,6,6,35,107,108,114,113,0,76,76,76,76,35,103,105,111,110,0,77,77,77,77,35,106,100,107,112,0,78,78,78,78,35,100,101,108,107,0,79,79,79,79,35,102,103,110,109,0,80,80,80,80,35,101,102,109,108,0,12,12,12,12,34,118,113,114,0,67,67,67,34,114,115,116,0,68,68,68,34,116,117,118,0,69,69,69,34,114,116,118,0,70,70,70,35,112,107,113,118,0,81,81,81,81,35,110,111,117,116,0,46,46,46,46,35,108,109,115,114,0,72,72,72,72,35,111,112,118,117,0,73,73,73,73,35,109,110,116,115,0,61,61,61,61,35,120,139,124,121,0,62,62,62,62,34,121,124,122,0,50,50,50,34,122,124,123,0,74,74,74,34,123,124,125,0,75,75,75,34,125,124,126,0,38,38,38,35,126,124,139,120,0,63,63,63,63,35,125,126,132,131,0,6,6,6,6,35,127,128,134,133,0,76,76,76,76,35,123,125,131,130,0,77,77,77,77,35,126,120,127,132,0,78,78,78,78,35,120,121,128,127,0,79,79,79,79,35,122,123,130,129,0,80,80,80,80,35,121,122,129,128,0,12,12,12,12,34,138,133,134,0,67,67,67,34,134,135,136,0,68,68,68,34,136,137,138,0,69,69,69,34,134,136,138,0,70,70,70,35,132,127,133,138,0,81,81,81,81,35,130,131,137,136,0,46,46,46,46,35,128,129,135,134,0,72,72,72,72,35,131,132,138,137,0,73,73,73,73,35,129,130,136,135,0,61,61,61,61,35,140,159,144,141,0,82,82,82,82,34,141,144,142,0,50,50,50,34,142,144,143,0,22,22,22,34,143,144,145,0,23,23,23,34,145,144,146,0,38,38,38,35,146,144,159,140,0,83,83,83,83,35,145,146,152,151,0,84,84,84,84,35,147,148,154,153,0,85,85,85,85,35,143,145,151,150,0,27,27,27,27,35,146,140,147,152,0,86,86,86,86,35,140,141,148,147,0,87,87,87,87,35,142,143,150,149,0,30,30,30,30,35,141,142,149,148,0,88,88,88,88,34,158,153,154,0,67,67,67,34,154,155,156,0,89,89,89,34,156,157,158,0,90,90,90,34,154,156,158,0,91,91,91,35,152,147,153,158,0,92,92,92,92,35,150,151,157,156,0,32,32,32,32,35,148,149,155,154,0,93,93,93,93,35,151,152,158,157,0,94,94,94,94,35,149,150,156,155,0,34,34,34,34,35,160,161,163,162,1,95,95,95,95,35,162,163,165,164,1,96,96,96,96,35,164,165,167,166,1,97,97,97,97,35,166,167,169,168,1,98,98,98,98,35,168,169,171,170,1,99,99,99,99,35,170,171,173,172,1,100,100,100,100,35,172,173,175,174,1,101,101,101,101,35,174,175,177,176,1,102,102,102,102,35,175,173,186,187,1,103,103,103,103,35,176,177,179,178,1,104,104,104,104,35,178,179,161,160,1,105,105,105,105,34,178,160,162,1,106,106,106,34,162,164,166,1,107,107,107,34,166,168,170,1,108,108,108,34,170,172,174,1,109,109,109,34,174,176,178,1,110,110,110,34,178,162,166,1,111,111,111,34,166,170,174,1,112,112,112,34,166,174,178,1,113,113,113,35,188,187,197,198,1,114,114,114,114,35,173,171,185,186,1,115,115,115,115,35,171,169,184,185,1,116,116,116,116,35,169,167,183,184,1,117,117,117,117,35,163,161,181,180,1,118,118,118,118,35,167,165,182,183,1,119,119,119,119,35,165,163,180,182,1,120,120,120,120,35,161,179,189,181,1,121,121,121,121,35,179,177,188,189,1,122,122,122,122,35,177,175,187,188,1,123,123,123,123,35,195,194,204,205,1,124,124,124,124,35,185,184,194,195,1,125,125,125,125,35,182,180,190,192,1,126,126,126,126,35,189,188,198,199,1,127,127,127,127,35,186,185,195,196,1,128,128,128,128,35,183,182,192,193,1,129,129,129,129,35,181,189,199,191,1,130,130,130,130,35,187,186,196,197,1,131,131,131,131,35,184,183,193,194,1,132,132,132,132,35,180,181,191,190,1,133,133,133,133,34,202,200,201,2,134,134,134,34,201,209,208,2,135,135,135,34,208,207,206,2,136,136,136,34,206,205,204,2,137,137,137,34,204,203,202,2,138,