{
    "metadata":{
        "version":3,
        "faces":82,
        "generator":"io_three",
        "uvs":0,
        "vertices":84,
        "normals":76,
        "type":"Geometry",
        "materials":1
    },
    "materials":[{
        "colorDiffuse":[0.519289,0.529474,0.8],
        "DbgColor":15658734,
        "depthWrite":true,
        "transparent":false,
        "depthTest":true,
        "DbgName":"Material",
        "doubleSided":false,
        "specularCoef":50,
        "visible":true,
        "colorEmissive":[0,0,0],
        "DbgIndex":0,
        "opacity":1,
        "blending":1,
        "shading":"phong",
        "colorSpecular":[0.5,0.5,0.5],
        "wireframe":false
    }],
    "faces":[35,0,1,2,3,0,0,0,0,0,35,17,16,15,14,0,1,1,1,1,35,4,5,35,34,0,2,2,2,2,35,2,1,48,49,0,3,3,3,3,35,7,3,57,59,0,4,4,4,4,35,20,8,40,42,0,5,5,5,5,35,10,8,9,11,0,6,6,6,6,35,69,68,25,24,0,7,7,7,7,35,22,11,61,62,0,8,8,8,8,35,20,23,9,8,0,9,9,9,9,35,12,14,15,13,0,10,10,10,10,35,17,14,29,30,0,11,11,11,11,35,16,19,13,15,0,12,12,12,12,35,12,13,45,44,0,10,10,10,10,35,5,4,18,19,0,13,13,13,13,35,6,5,19,16,0,14,14,14,14,35,4,7,17,18,0,15,15,15,15,35,17,7,53,54,0,16,16,16,16,35,0,3,23,20,0,17,17,17,17,35,3,7,22,23,0,18,18,18,18,35,7,4,21,22,0,19,19,19,19,35,0,20,39,36,0,20,20,20,20,35,27,26,24,25,0,21,21,21,21,35,70,69,24,26,0,22,22,22,22,35,71,70,26,27,0,23,23,23,23,35,68,71,27,25,0,24,24,24,24,35,31,30,29,28,0,25,25,25,25,35,18,17,30,31,0,26,26,26,26,35,14,12,28,29,0,27,27,27,27,35,12,18,31,28,0,28,28,28,28,35,32,34,35,33,0,29,29,29,29,35,5,1,33,35,0,30,30,30,30,35,0,4,34,32,0,31,31,31,31,35,1,0,32,33,0,32,32,32,32,35,37,36,39,38,0,33,33,33,33,35,20,21,38,39,0,34,34,34,34,35,21,4,37,38,0,35,35,35,35,35,4,0,36,37,0,36,36,36,36,35,43,42,40,41,0,37,37,37,37,35,21,20,42,43,0,38,38,38,38,35,10,21,43,41,0,39,39,39,39,35,8,10,41,40,0,40,40,40,40,35,46,47,44,45,0,41,41,41,41,35,13,19,46,45,0,42,42,42,42,35,19,18,47,46,0,43,43,43,43,35,18,12,44,47,0,44,44,44,44,35,48,50,51,49,0,45,45,45,45,35,5,6,51,50,0,46,46,46,46,35,6,2,49,51,0,47,47,47,47,35,1,5,50,48,0,48,48,48,48,35,53,52,55,54,0,49,49,49,49,35,6,16,55,52,0,50,50,50,50,35,16,17,54,55,0,51,51,51,51,35,7,6,52,53,0,52,52,52,52,35,56,58,59,57,0,53,53,53,53,35,3,2,56,57,0,4,4,4,4,35,2,6,58,56,0,4,4,4,4,35,6,7,59,58,0,4,4,4,4,35,63,62,61,60,0,54,54,54,54,35,11,9,60,61,0,55,55,55,55,35,62,63,67,66,0,56,56,56,56,35,9,23,63,60,0,57,57,57,57,35,65,64,66,67,0,58,58,58,58,35,23,22,64,65,0,59,59,59,59,35,63,23,65,67,0,60,60,60,60,35,22,62,66,64,0,61,61,61,61,35,11,22,71,68,0,62,62,62,62,35,22,21,72,73,0,63,63,63,63,35,21,10,69,70,0,64,64,64,64,35,10,11,68,69,0,65,65,65,65,35,73,72,74,75,0,66,66,66,66,35,71,22,73,75,0,67,67,67,67,35,70,71,77,76,0,68,68,68,68,35,21,70,74,72,0,69,69,69,69,35,76,77,79,78,0,10,10,10,10,35,71,75,79,77,0,70,70,70,70,35,78,74,80,82,0,71,71,71,71,35,75,74,78,79,0,72,72,72,72,35,80,81,83,82,0,73,73,73,73,35,70,76,83,81,0,74,74,74,74,35,76,78,82,83,0,10,10,10,10,35,74,70,81,80,0,75,75,75,75],
    "vertices":[0.232976,-0.701112,0.352259,0.232976,-0.701112,0.81821,-0.232976,-0.701112,0.81821,-0.232975,-0.701112,0.352259,0.232976,-0.235161,0.352259,0.232975,-0.235161,0.81821,-0.232976,-0.235161,0.81821,-0.232976,-0.235161,0.352259,0.232976,-0.701112,-0.88746,-0.232975,-0.701112,-0.88746,0.232976,-0.235161,-0.88746,-0.232975,-0.235161,-0.88746,0.232976,1.03053,0.352259,0.232975,1.03053,0.81821,-0.232976,1.03053,0.352259,-0.232976,1.03053,0.81821,-0.232976,0.563142,0.81821,-0.232976,0.563142,0.352259,0.232976,0.563142,0.352259,0.232975,0.563142,0.81821,0.232976,-0.701112,-0.481386,0.232976,-0.235161,-0.481386,-0.232975,-0.235161,-0.481386,-0.232975,-0.701112,-0.481386,0.232976,1.04579,-0.88746,-0.232975,1.04579,-0.88746,0.232976,1.04579,-0.481386,-0.232975,1.04579,-0.481386,0.232976,1.03053,-0.110754,-0.232975,1.03053,-0.110754,-0.232975,0.563142,-0.110754,0.232976,0.563142,-0.110754,0.728246,-0.701112,0.352259,0.728246,-0.701112,0.81821,0.728246,-0.235161,0.352259,0.728245,-0.235161,0.81821,1.08325,-0.701112,0.352259,1.08325,-0.235161,0.352259,1.08325,-0.235161,-0.481386,1.08325,-0.701112,-0.481386,0.846243,-0.701112,-0.88746,0.846243,-0.235161,-0.88746,0.846243,-0.701112,-0.481386,0.846243,-0.235161,-0.481386,0.627991,1.03053,0.352259,0.627991,1.03053,0.81821,0.627991,0.563142,0.81821,0.627991,0.563142,0.352259,0.232975,-0.701112,1.18954,-0.232976,-0.701112,1.18954,0.232975,-0.235161,1.18954,-0.232976,-0.235161,1.18954,-0.710945,-0.235161,0.81821,-0.710945,-0.235161,0.352259,-0.710945,0.563142,0.352259,-0.710945,0.563142,0.81821,-0.232976,-0.701112,0.81821,-0.232975,-0.701112,0.352259,-0.232976,-0.235161,0.81821,-0.232976,-0.235161,0.352259,-0.742845,-0.701112,-0.88746,-0.742845,-0.235161,-0.88746,-0.742845,-0.235161,-0.481386,-0.742845,-0.701112,-0.481386,-0.232975,-0.235161,-0.116978,-0.232975,-0.701112,-0.116978,-0.742845,-0.235161,-0.116978,-0.742845,-0.701112,-0.116978,-0.232975,0.200996,-0.88746,0.232976,0.200996,-0.88746,0.232976,0.200996,-0.481386,-0.232975,0.200996,-0.481386,0.232976,-0.235161,-0.105009,-0.232975,-0.235161,-0.105009,0.232976,0.200996,-0.105009,-0.232975,0.200996,-0.105009,0.232976,0.6019,-0.481386,-0.232975,0.6019,-0.481386,0.232976,0.6019,-0.105009,-0.232975,0.6019,-0.105009,0.88206,0.200996,-0.105009,0.88206,0.200996,-0.481386,0.88206,0.6019,-0.105009,0.88206,0.6019,-0.481386],
    "normals":[-1.63636e-14,-1,1.2792e-07,-1,0,-2.55841e-07,2.1168e-14,1,-6.39602e-08,1.02666e-14,-1,-1.60516e-07,0,0,0,-2.91576e-07,-1,-1.46783e-07,2.55841e-07,2.55841e-07,-1,5.11681e-07,0,-1,-8.76764e-08,1,1.46783e-07,0,-1,-1.46783e-07,0,1,0,-1,0,-1.93098e-07,-5.11682e-07,0,1,1,0,5.43662e-07,-4.47721e-07,3.73321e-08,1,1.91881e-07,-3.73321e-08,-1,4.36463e-07,-3.73321e-08,-1,1.82923e-14,-1,-2.14496e-07,-1,-9.59403e-08,-2.14496e-07,-3.65846e-14,1,1.60872e-07,-2.80401e-07,-1,-2.14497e-07,1.12659e-13,1,-2.93566e-07,1,1.03563e-14,1.46783e-07,-5.11681e-07,0,1,-1,1.03563e-14,-1.46783e-07,1.2792e-07,0,-1,0,-1,0,0,1,-0,1,8.20839e-15,1.93098e-07,1,-8.18181e-14,3.83761e-07,-3.00869e-07,-1.91881e-07,1,3.00869e-07,1.2792e-07,-1,-3.46386e-14,-1,1.2792e-07,1,-3.83761e-07,2.14496e-07,2.103e-07,3.83761e-07,-1,2.80401e-07,1,1.60872e-07,-2.103e-07,-1.2792e-07,1,1,-3.19801e-07,7.33914e-08,-9.71921e-08,-3.83761e-07,1,2.79427e-07,1,1.28435e-07,9.71922e-08,6.39602e-07,-1,1,1.63133e-14,5.11681e-07,-6.03568e-07,0,1,-0,-1,0,5.28122e-07,-6.37634e-08,-1,-2.55841e-07,-2.55841e-07,1,-3.59332e-14,1,8.02579e-08,-1,-1.75891e-07,-3.00967e-07,1,2.71831e-07,3.00967e-07,-1,0,-2.55841e-07,-4.36463e-07,3.73321e-08,1,-0,1,0,-3.19043e-14,-1,6.39602e-08,-1,-1.2792e-07,-2.23861e-07,-1,-1.2792e-07,-1.46783e-07,0,0,-1,-1,0,-1.63566e-07,1.16902e-07,-1,-1.46783e-07,-2.33804e-07,0,1,1,9.59403e-08,2.45348e-07,1.16902e-07,-1,2.86817e-14,-8.76763e-08,1,-4.08914e-08,-1,0,-1.46783e-07,6.0774e-14,-1,-1.97955e-07,1,-4.01183e-14,1.46783e-07,6.39602e-07,1.36659e-07,-1,-3.83761e-07,-2.73317e-07,1,-1,5.41046e-14,-3.56319e-07,5.11681e-07,2.97352e-07,-1,1,-9.73883e-14,3.56319e-07,-1,5.88624e-14,-3.56319e-07,-3.67315e-07,0,1,-3.83761e-07,0,1,1,-4.70899e-14,3.16728e-07,3.67315e-07,2.97352e-07,-1,1.16339e-13,-1,-3.16728e-07],
    "uvs":[]
}