{
    "uvs":[],
    "faces":[35,0,1,2,3,0,0,0,0,0,35,17,16,15,14,0,1,1,1,1,35,4,5,35,34,0,2,2,2,2,35,2,1,48,49,0,3,3,3,3,35,7,3,57,59,0,4,4,4,4,35,20,8,40,42,0,5,5,5,5,35,10,8,9,11,0,6,6,6,6,35,69,68,25,24,0,7,7,7,7,35,22,11,61,62,0,8,8,8,8,35,20,23,9,8,0,9,9,9,9,35,12,14,15,13,0,10,10,10,10,35,17,14,29,30,0,1,1,1,1,35,16,19,13,15,0,11,11,11,11,35,12,13,45,44,0,12,12,12,12,35,5,4,18,19,0,13,13,13,13,35,6,5,19,16,0,14,14,14,14,35,4,7,17,18,0,15,15,15,15,35,17,7,53,54,0,16,16,16,16,35,0,3,23,20,0,17,17,17,17,35,3,7,22,23,0,18,18,18,18,35,7,4,21,22,0,19,19,19,19,35,0,20,39,36,0,20,20,20,20,35,27,26,24,25,0,21,21,21,21,35,70,69,24,26,0,22,22,22,22,35,71,70,26,27,0,23,23,23,23,35,68,71,27,25,0,24,24,24,24,35,31,30,29,28,0,25,25,25,25,35,18,17,30,31,0,26,26,26,26,35,14,12,28,29,0,27,27,27,27,35,12,18,31,28,0,28,28,28,28,35,32,34,35,33,0,29,29,29,29,35,5,1,33,35,0,30,30,30,30,35,0,4,34,32,0,31,31,31,31,35,1,0,32,33,0,32,32,32,32,35,37,36,39,38,0,33,33,33,33,35,20,21,38,39,0,34,34,34,34,35,21,4,37,38,0,35,35,35,35,35,4,0,36,37,0,36,36,36,36,35,43,42,40,41,0,37,37,37,37,35,21,20,42,43,0,38,38,38,38,35,10,21,43,41,0,39,39,39,39,35,8,10,41,40,0,40,40,40,40,35,46,47,44,45,0,41,41,41,41,35,13,19,46,45,0,42,42,42,42,35,19,18,47,46,0,43,43,43,43,35,18,12,44,47,0,44,44,44,44,35,48,50,51,49,0,45,45,45,45,35,5,6,51,50,0,46,46,46,46,35,6,2,49,51,0,47,47,47,47,35,1,5,50,48,0,48,48,48,48,35,53,52,55,54,0,49,49,49,49,35,6,16,55,52,0,50,50,50,50,35,16,17,54,55,0,51,51,51,51,35,7,6,52,53,0,52,52,52,52,35,56,58,59,57,0,53,53,53,53,35,3,2,56,57,0,4,4,4,4,35,2,6,58,56,0,4,4,4,4,35,6,7,59,58,0,4,4,4,4,35,63,62,61,60,0,54,54,54,54,35,11,9,60,61,0,55,55,55,55,35,62,63,67,66,0,56,56,56,56,35,9,23,63,60,0,57,57,57,57,35,65,64,66,67,0,58,58,58,58,35,23,22,64,65,0,59,59,59,59,35,63,23,65,67,0,60,60,60,60,35,22,62,66,64,0,61,61,61,61,35,11,22,71,68,0,62,62,62,62,35,22,21,72,73,0,63,63,63,63,35,21,10,69,70,0,64,64,64,64,35,10,11,68,69,0,65,65,65,65,35,73,72,74,75,0,66,66,66,66,35,71,22,73,75,0,67,67,67,67,35,70,71,77,76,0,68,68,68,68,35,21,70,74,72,0,69,69,69,69,35,76,77,79,78,0,70,70,70,70,35,71,75,79,77,0,56,56,56,56,35,78,74,80,82,0,71,71,71,71,35,75,74,78,79,0,72,72,72,72,35,80,81,83,82,0,73,73,73,73,35,70,76,83,81,0,74,74,74,74,35,76,78,82,83,0,75,75,75,75,35,74,70,81,80,0,76,76,76,76],
    "vertices":[-0.40382,-0.757599,-0.0232697,-0.881402,-0.77466,-0.184302,-0.726936,-0.672136,-0.653275,-0.249353,-0.655075,-0.492243,-0.452425,-0.264137,0.0685988,-0.930007,-0.281198,-0.0924336,-0.77554,-0.178674,-0.561407,-0.297958,-0.161613,-0.400374,0.866844,-0.712205,0.405176,1.02131,-0.609681,-0.0637972,0.818239,-0.218743,0.497045,0.972706,-0.116219,0.0280713,-0.584454,1.07628,0.318147,-1.06204,1.05922,0.157114,-0.429987,1.17881,-0.150827,-0.907569,1.16175,-0.311859,-0.858814,0.666763,-0.404011,-0.381232,0.683824,-0.242978,-0.535699,0.5813,0.225995,-1.01328,0.564239,0.0649624,0.450634,-0.727074,0.264837,0.402029,-0.233612,0.356706,0.556496,-0.131088,-0.112267,0.605101,-0.62455,-0.204136,0.684618,1.13784,0.749602,0.839085,1.24037,0.280629,0.268408,1.12297,0.609263,0.422875,1.2255,0.14029,-0.109883,1.09324,0.478164,0.0445837,1.19576,0.00919044,0.0933386,0.700777,-0.0829615,-0.0611283,0.598253,0.386012,-0.568007,-0.866574,0.475213,-1.04559,-0.883635,0.31418,-0.616612,-0.373112,0.567081,-1.09419,-0.390173,0.406049,-0.685695,-0.944687,0.832524,-0.7343,-0.451225,0.924392,0.120154,-0.4207,1.2125,0.168759,-0.914162,1.12063,0.66354,-0.847143,1.02242,0.614935,-0.353681,1.11429,0.24733,-0.862012,0.882082,0.198725,-0.36855,0.97395,-0.715405,0.989369,0.715724,-1.19299,0.972308,0.554691,-1.14423,0.477323,0.46254,-0.66665,0.494384,0.623572,-1.262,-0.788257,-0.312634,-1.10754,-0.685733,-0.781607,-1.31061,-0.294794,-0.220766,-1.15614,-0.19227,-0.689739,-0.617089,-0.0735054,-1.04248,-0.139507,-0.0564442,-0.881444,-0.222781,0.788992,-0.724048,-0.700363,0.771931,-0.88508,-0.726936,-0.672136,-0.653275,-0.249353,-0.655075,-0.492243,-0.77554,-0.178674,-0.561407,-0.297958,-0.161613,-0.400374,1.19034,-0.497494,-0.576973,1.14173,-0.00403166,-0.485105,0.725522,-0.0189005,-0.625444,0.774127,-0.512363,-0.717312,0.182991,-0.144431,-0.238207,0.231596,-0.637893,-0.330075,0.352018,-0.0322436,-0.751383,0.400623,-0.525706,-0.843251,0.927209,0.34569,0.114065,0.772741,0.243166,0.583039,0.356532,0.228297,0.4427,0.510999,0.330821,-0.0262733,0.0162568,-0.247393,0.22663,0.170724,-0.144869,-0.242343,-0.0292403,0.214516,0.312624,0.125227,0.31704,-0.156349,0.314712,0.65287,0.521743,0.469179,0.755394,0.0527701,-0.0710599,0.639089,0.391668,0.0834072,0.741613,-0.0773055,-0.244418,0.0716965,0.965918,0.141354,0.0854779,1.09599,-0.286237,0.49627,1.04496,0.0995346,0.510051,1.17504],
    "metadata":{
        "materials":1,
        "generator":"io_three",
        "version":3,
        "uvs":0,
        "faces":82,
        "vertices":84,
        "normals":77,
        "type":"Geometry"
    },
    "materials":[{
        "visible":true,
        "depthWrite":true,
        "DbgColor":15658734,
        "colorEmissive":[0,0,0],
        "doubleSided":false,
        "colorDiffuse":[0.460263,0.522195,0.8],
        "blending":1,
        "specularCoef":50,
        "DbgIndex":0,
        "colorSpecular":[0.5,0.5,0.5],
        "opacity":1,
        "wireframe":false,
        "transparent":false,
        "shading":"phong",
        "DbgName":"Material",
        "depthTest":true
    }],
    "normals":[0.0963831,-0.978531,-0.182174,0.306307,0.203304,-0.92997,-0.0963831,0.978531,0.182174,0.0963833,-0.978531,-0.182174,0,0,0,0.0963834,-0.978531,-0.182174,0.947041,0.0338323,0.319326,0.947041,0.0338322,0.319326,-0.0963833,0.978531,0.182174,0.0963833,-0.978531,-0.182174,-0.0963831,0.978531,0.182174,-0.947041,-0.0338321,-0.319326,-0.0963832,0.978531,0.182174,-0.306307,-0.203304,0.92997,-0.947041,-0.0338321,-0.319326,0.947041,0.0338322,0.319326,0.947041,0.0338321,0.319326,0.0963833,-0.978531,-0.182174,0.306307,0.203304,-0.92997,-0.0963833,0.978531,0.182174,0.0963834,-0.978531,-0.182175,-0.0963832,0.978531,0.182174,-0.306307,-0.203304,0.92997,-0.947041,-0.0338322,-0.319326,0.306307,0.203304,-0.92997,0.947041,0.0338323,0.319325,0.0963831,-0.978531,-0.182174,-0.0963831,0.978531,0.182174,-0.306307,-0.203304,0.92997,-0.306307,-0.203304,0.92997,-0.947041,-0.0338324,-0.319326,0.947041,0.0338324,0.319326,0.0963831,-0.978531,-0.182174,-0.306307,-0.203304,0.92997,0.947041,0.0338327,0.319326,-0.0963834,0.978531,0.182175,-0.947041,-0.0338324,-0.319326,-0.306307,-0.203304,0.92997,-0.947041,-0.0338329,-0.319326,-0.0963834,0.978531,0.182175,0.947041,0.0338328,0.319326,-0.306307,-0.203304,0.92997,-0.947041,-0.0338322,-0.319326,0.0963832,-0.978531,-0.182174,0.947041,0.0338321,0.319326,-0.947041,-0.0338322,-0.319326,-0.0963833,0.978531,0.182174,0.306307,0.203304,-0.92997,-0.306307,-0.203304,0.92997,0.306307,0.203304,-0.92997,-0.947041,-0.0338322,-0.319326,-0.0963832,0.978531,0.182174,0.0963832,-0.978531,-0.182174,0.306307,0.203304,-0.92997,0.306307,0.203304,-0.92997,0.947041,0.0338322,0.319325,0.306307,0.203304,-0.92997,0.0963833,-0.978531,-0.182174,-0.947041,-0.0338322,-0.319326,-0.306307,-0.203304,0.92997,0.0963831,-0.978531,-0.182174,-0.0963831,0.978531,0.182174,0.306307,0.203304,-0.92997,0.0963833,-0.978531,-0.182174,-0.306307,-0.203304,0.92997,0.947041,0.0338325,0.319326,-0.947041,-0.0338324,-0.319326,0.306307,0.203304,-0.92997,0.947041,0.0338321,0.319326,-0.306307,-0.203304,0.92997,-0.0963831,0.978531,0.182174,-0.947041,-0.0338323,-0.319326,-0.947041,-0.0338323,-0.319326,-0.306307,-0.203304,0.92997,0.947041,0.0338323,0.319326,-0.096383,0.978531,0.182174,0.0963834,-0.978531,-0.182174]
}